Lemma	Abs. freq. in annotations	Rel. Freq. in annotations	Rel. Freq. in full text	Difference	Comparison
el	728	0,07516778523489932	0,07720895859672268	0,9735629984017166	Lower
e	478	0,04935467217346412	0,02448528378865334	2,015687161295449	Higher
que	449	0,046360351058337634	0,04788036474461159	0,968253924246786	Lower
ser	325	0,03355704697986577	0,035494194746260636	0,9454235324890996	Lower
de	301	0,03107898812596799	0,03509720211810836	0,8855118428352676	Lower
por	195	0,020134228187919462	0,016078201440167104	1,2522686858257326	Higher
en	184	0,018998451213216312	0,018322736683951114	1,0368784718637067	Higher
no	152	0,015694372741352606	0,013873365459198319	1,1312592310431009	Higher
̃	122	0,012596799173980383	0,012783162626503228	0,9854211780004691	Lower
decir	119	0,012287041817243159	0,00971105044249409	1,2652639269050565	Higher
haber	115	0,011874032008260196	0,012144920632012264	0,977695315435982	Lower
este	100	0,010325245224574084	0,009668297390231539	1,067948658158395	Higher
ca	97	0,010015487867836861	0,009103346342476379	1,1001984864735306	Higher
su	96	0,00991223541559112	0,010312646963617153	0,9611727668523243	Lower
a	94	0,00970573051109964	0,017632580268855624	0,5504430073823536	Lower
hacer	93	0,009602478058853899	0,007023715728847927	1,3671507261340936	Higher
saber	79	0,008156943727413527	0,00848037329522204	0,9618613996637697	Lower
deber	73	0,007537429013939081	0,006419065418277541	1,174225299601579	Higher
del_de+del_el	66	0,006814661848218895	0,005921297738363535	1,1508730263751705	Higher
si	65	0,006711409395973154	0,00567088700368287	1,1834849454088103	Higher
así	62	0,006401652039235932	0,00780243203791585	0,8204687984627306	Lower
rey	60	0,00619514713474445	0,004296681752386537	1,4418445423153425	Higher
ni	59	0,006091894682498709	0,003762268599104629	1,6192078056172017	Higher
todo	58	0,005988642230252968	0,009118615289713005	0,6567490830552905	Lower
lo	58	0,005988642230252968	0,006669476152958206	0,8979179313200997	Lower
donde	57	0,005885389778007228	0,005392992163976278	1,0913032318719156	Higher
bien	57	0,005885389778007228	0,005206711007689442	1,1303469252116145	Higher
et	55	0,005678884873515746	1,2215157789300744e-05	464,9047496128033	Higher
más	52	0,005369127516778523	0,004705889538328112	1,140937855223445	Higher
le	51	0,0052658750645327825	0,004748642590590664	1,1089221738791215	Higher
bueno	51	0,0052658750645327825	0,003960764913180766	1,3295096224996408	Higher
delos_de+delos_el	50	0,005162622612287042	0,0026812271347515133	1,9254700750167872	Higher
poder	49	0,005059370160041301	0,006590077627327751	0,7677254269450623	Lower
uno	47	0,00485286525554982	0,005090667008691084	0,9532867200437043	Lower
muy	46	0,004749612803304078	0,005054021535323182	0,9397690077314562	Lower
dios	46	0,004749612803304078	0,0030476818684305354	1,558434576949459	Higher
con	45	0,004646360351058337	0,004669244064960209	0,9950990538118151	Lower
hombre	43	0,004439855446566856	0,006012911421783291	0,7383869701593072	Lower
mucho	43	0,004439855446566856	0,004931869957430175	0,900237736373793	Lower
cosa	42	0,004336602994321115	0,0062694297353586064	0,6917061323557628	Lower
grande	42	0,004336602994321115	0,0034263517598988585	1,2656619338024786	Higher
al_a+al_el	42	0,004336602994321115	0,003353060813163054	1,2933266755249373	Higher
malo	40	0,004130098089829634	0,0017773054583432582	2,3237975613261024	Higher
dar	38	0,0039235931853381515	0,0034049752337675823	1,1523118131454724	Higher
o	38	0,0039235931853381515	0,006046503105703868	0,6489028644733342	Lower
2	38	0,0039235931853381515	0,0042356059634400325	0,9263357401998571	Lower
dela_de+dela_el	35	0,0036138358286009293	0,0032339630247173717	1,1174635581731045	Higher
razón	33	0,0034073309241094475	0,0033225229186898022	1,025525182969419	Higher
otro	32	0,0033040784718637068	0,0058296840549437795	0,5667680170526104	Lower
príncipe	32	0,0033040784718637068	0,0012795377784292528	2,5822437817504373	Higher
poner	32	0,0033040784718637068	0,0036584397578955726	0,9031386849360877	Lower
para	32	0,0033040784718637068	0,00336832976039968	0,9809248817347535	Lower
sin	31	0,003200826019617966	0,0019666404040774195	1,6275603882548735	Higher
quel_que+quel_el	29	0,002994321115126484	0,0005344131532819075	5,6030078914374215	Higher
mas	27	0,0027878162106350027	0,003579041232265118	0,7789282184018423	Lower
libro	27	0,0027878162106350027	0,0020765768241811262	1,3425056940690578	Higher
aquel	27	0,0027878162106350027	0,0032797698664272495	0,8500036051833886	Lower
él	26	0,0026845637583892616	0,0025407528201745544	1,056601703665462	Higher
mismo	25	0,002581311306143521	0,0016368311437662997	1,5770174681574058	Higher
como	24	0,00247805885389778	0,006529001838381248	0,37954635566654576	Lower
tal	24	0,00247805885389778	0,0018383812472897618	1,3479569907227158	Higher
te	23	0,002374806401652039	0,002058254087497175	1,153796519136172	Higher
mal	23	0,002374806401652039	0,0018689191417630138	1,2706844017937582	Higher
ver	23	0,002374806401652039	0,0013345059884811061	1,7795397114365676	Higher
según	23	0,002374806401652039	0,002946906816668804	0,805864097303399	Lower
querer	23	0,002374806401652039	0,0030201977634046087	0,7863082445882508	Lower
ellos	23	0,002374806401652039	0,0018964032467889405	1,2522686858257326	Higher
tener	23	0,002374806401652039	0,0019147259834728916	1,2402852534254865	Higher
ende	22	0,0022715539494062983	0,0021804056653901825	1,0418033604768702	Higher
caballero	21	0,0021683014971605576	0,0011696013583255462	1,8538807959874424	Higher
ese	21	0,0021683014971605576	0,0013894741985329595	1,5605194392597594	Higher
¶	21	0,0021683014971605576	0,005533466478553237	0,3918522874520919	Lower
virtud	21	0,0021683014971605576	0,0017528751427646567	1,2369971164863947	Higher
alos_a+alos_el	20	0,002065049044914817	0,002501053557359327	0,8256716609839997	Lower
justicia	20	0,002065049044914817	0,0009405671497761572	2,195536007616545	Higher
tomar	20	0,002065049044914817	0,0021315450342329796	0,9688038543637476	Lower
cuándo	19	0,0019617965926690757	0,0032339630247173717	0,6066230744368281	Lower
santo	19	0,0019617965926690757	0,00213765261312763	0,9177340511837155	Lower
1	19	0,0019617965926690757	0,002394170926702946	0,8194054028426031	Lower
noble	18	0,001858544140423335	0,0007115329412267683	2,612028245971271	Higher
enla_en+enla_el	18	0,001858544140423335	0,001954425246288119	0,9509415332989158	Lower
delas_de+delas_el	18	0,001858544140423335	0,002333095137756442	0,7966002373184635	Lower
nunca	18	0,001858544140423335	0,0009405671497761572	1,9759824068548901	Higher
allí	18	0,001858544140423335	0,0014200120930062115	1,3088227555081853	Higher
tu	17	0,0017552916881775943	0,000509982837703306	3,4418642322994697	Higher
parecer	17	0,0017552916881775943	0,0009649974653547587	1,8189598949177574	Higher
hijo	17	0,0017552916881775943	0,002207889770416109	0,7950087507524363	Lower
se	17	0,0017552916881775943	0,0012856453573239033	1,3653000636437325	Higher
amar	17	0,0017552916881775943	0,0008520072558037268	2,060183967003625	Higher
sabio	16	0,0016520392359318534	0,0012245695683773996	1,3490774869743554	Higher
enlos_en+enlos_el	16	0,0016520392359318534	0,0010382884120905631	1,5911178596374018	Higher
sabiduría	16	0,0016520392359318534	0,0007481784145946705	2,208081927660068	Higher
siempre	15	0,0015487867836861124	0,001197085463351473	1,2937980044883206	Higher
venir	15	0,0015487867836861124	0,0016582076698975759	0,9340125557263752	Lower
ejemplo	15	0,0015487867836861124	0,0014169583035588862	1,0930362451711675	Higher
me	15	0,0015487867836861124	0,0012886991467712283	1,2018218430318053	Higher
ninguno	14	0,0014455343314403717	0,001991070719656021	0,7260085325799494	Lower
común	14	0,0014455343314403717	0,0007665011512786216	1,8858867061439324	Higher
obra	14	0,0014455343314403717	0,0014871954608473654	0,9719867828380432	Lower
ciudad	14	0,0014455343314403717	0,0017681440900012826	0,8175432871193903	Lower
̧	14	0,0014455343314403717	0,011802896213911843	0,12247284948049858	Lower
sen	13	0,0013422818791946308	0,0016459925121082753	0,8154848028290022	Lower
caballería	13	0,0013422818791946308	0,000427530522625526	3,1396164908916586	Higher
cuanto	13	0,0013422818791946308	0,0016307235648716492	0,8231204283236558	Lower
estar	13	0,0013422818791946308	0,0017223372482914048	0,7793374268170784	Lower
ley	12	0,00123902942694889	0,002711765029224765	0,4569088448283079	Lower
hablar	12	0,00123902942694889	0,001233730936719375	1,0042946886325186	Higher
tirano	12	0,00123902942694889	0,00039699262815227416	3,121038878519519	Higher
mostrar	12	0,00123902942694889	0,001233730936719375	1,0042946886325186	Higher
pecado	12	0,00123902942694889	0,0007603935723839712	1,629458049026255	Higher
convenir	12	0,00123902942694889	0,0027392491342506918	0,4523244751477563	Lower
y	11	0,0011357769747031492	0,0004702835748880786	2,415089608378199	Higher
reino	11	0,0011357769747031492	0,0013192370412444803	0,8609347215051912	Lower
perder	11	0,0011357769747031492	0,00042447673317820084	2,675710789138436	Higher
tanto	11	0,0011357769747031492	0,0008825451502769787	1,286933562942016	Higher
contar	11	0,0011357769747031492	0,0011818165161148469	0,9610434100523065	Lower
pueblo	11	0,0011357769747031492	0,0008855989397243039	1,2824958610008366	Higher
oficio	11	0,0011357769747031492	0,0006168654683596875	1,8412069291596171	Higher
100	10	0,0010325245224574084	0,0016154546176350233	0,6391541496653079	Lower
poderío	10	0,0010325245224574084	0,0005344131532819075	1,9320716867025594	Higher
principado	10	0,0010325245224574084	0,00024124936633868968	4,279905635100606	Higher
usar	10	0,0010325245224574084	0,0007206943095687438	1,432680276156559	Higher
tan	10	0,0010325245224574084	0,0013436673568230817	0,7684376026657906	Lower
mejor	10	0,0010325245224574084	0,0013772590407436587	0,7496952221129666	Lower
séneca	10	0,0010325245224574084	0,0003908850492576238	2,6415042591636553	Higher
traer	9	0,0009292720702116675	0,0006443495733856142	1,4421862116381663	Higher
mano	9	0,0009292720702116675	0,0004977676799140053	1,8668790837770126	Higher
filosofar	9	0,0009292720702116675	0,00034202441810042084	2,7169758094254735	Higher
alma	9	0,0009292720702116675	0,0007145867306740935	1,3004328660497995	Higher
mayor	9	0,0009292720702116675	0,00123067714727205	0,7550900512547222	Lower
enlas_en+enlas_el	9	0,0009292720702116675	0,0008764375713823284	1,0602832427026239	Higher
mi	9	0,0009292720702116675	0,0004702835748880786	1,9759824068548901	Higher
antiguo	9	0,0009292720702116675	0,00024735694523334007	3,756806057477198	Higher
corazón	9	0,0009292720702116675	9,161368341975558e-05	10,143376355188435	Higher
uso	9	0,0009292720702116675	0,00048555252212470457	1,9138445953185725	Higher
manera	9	0,0009292720702116675	0,0025529679779638555	0,36399675915747975	Lower
mujer	9	0,0009292720702116675	0,0019330487201568427	0,480728737212722	Lower
sobre	9	0,0009292720702116675	0,0012551074628506513	0,7403924346852873	Lower
responder	8	0,0008260196179659267	0,0004061539964942497	2,0337596702132203	Higher
honra	8	0,0008260196179659267	0,0008886527291716291	0,9295190245304409	Lower
so	8	0,0008260196179659267	0,00022598041910206376	3,6552707586264632	Higher
arma	8	0,0008260196179659267	0,000476391153782729	1,7339104880663991	Higher
dejar	8	0,0008260196179659267	0,0005680048372024845	1,454247506120206	Higher
pro	8	0,0008260196179659267	0,00021987284020741338	3,756806057477198	Higher
cuerpo	8	0,0008260196179659267	0,001233730936719375	0,669529792421679	Lower
oro	7	0,0007227671657201859	0,0009741588336967343	0,7419397542980047	Lower
ir	7	0,0007227671657201859	0,0011879240950094974	0,6084287445271555	Lower
3	7	0,0007227671657201859	0,0027026036608827895	0,26743365154922427	Lower
seguir	7	0,0007227671657201859	0,0006840488362008417	1,056601703665462	Higher
ya	7	0,0007227671657201859	0,0011482248321942699	0,629464844736871	Lower
suso	7	0,0007227671657201859	0,00035729336533704676	2,022895569410799	Higher
mandar	7	0,0007227671657201859	0,0007970390457518735	0,9068152552531169	Lower
menester	7	0,0007227671657201859	0,0010718800960111403	0,674298523136933	Lower
matar	7	0,0007227671657201859	0,0006382419944909639	1,1324343618232704	Higher
6	7	0,0007227671657201859	0,0003237016814164697	2,232818694538335	Higher
aún	7	0,0007227671657201859	0,0010566111487745142	0,6840427214481605	Lower
gobernar	7	0,0007227671657201859	0,0009314057814341816	0,7759960053149624	Lower
pobre	7	0,0007227671657201859	0,00035423957588972155	2,040334324319513	Higher
sacar	7	0,0007227671657201859	0,0002748410502592667	2,629764240234039	Higher
padre	7	0,0007227671657201859	0,0012551074628506513	0,5758607825330012	Lower
amor	7	0,0007227671657201859	0,0007878776774098979	0,9173596186862927	Lower
derecho	6	0,000619514713474445	0,0012367847261667002	0,5009074743302931	Lower
espada	6	0,000619514713474445	0,00014352810402428373	4,316330363909973	Higher
consejo	6	0,000619514713474445	0,0009802664125913847	0,6319860657438278	Lower
desto_de+desto_este	6	0,000619514713474445	0,0007145867306740935	0,8669552440331997	Lower
codicia	6	0,000619514713474445	0,0004886063115720297	1,2679220443985546	Higher
4	6	0,000619514713474445	0,0010871490432477662	0,5698526042240695	Lower
mundo	6	0,000619514713474445	0,0008947603080662795	0,6923806385794155	Lower
contra	6	0,000619514713474445	0,0010596649382218395	0,5846326429503421	Lower
rico	6	0,000619514713474445	0,0004916601010193549	1,2600467521973213	Higher
s	6	0,000619514713474445	1,2215157789300744e-05	50,71688177594218	Higher
súbdito	6	0,000619514713474445	0,0002656796819172912	2,3318106563651577	Higher
beber	6	0,000619514713474445	0,00022903420854938894	2,704900361383583	Higher
tiempo	6	0,000619514713474445	0,0008275769402251254	0,7485886608995156	Lower
guardar	6	0,000619514713474445	0,0016276697754243241	0,38061449738042913	Lower
nobleza	6	0,000619514713474445	0,00017101220905021042	3,6226344125672982	Higher
semejanza	6	0,000619514713474445	9,161368341975557e-06	67,62250903458958	Higher
alguno	6	0,000619514713474445	0,002412493663386897	0,25679433810603636	Lower
jurar	6	0,000619514713474445	7,634473618312965e-05	8,114701084150749	Higher
aína	6	0,000619514713474445	0,00018628115628683634	3,3256971656355527	Higher
vencer	6	0,000619514713474445	0,0006107578894650372	1,0143376355188436	Higher
entre	6	0,000619514713474445	0,001068826306563815	0,5796215060107678	Lower
costumbre	6	0,000619514713474445	0,000821469361330475	0,7541543758504413	Lower
nada	6	0,000619514713474445	0,00022598041910206376	2,7414530689698475	Higher
cumplir	6	0,000619514713474445	0,0007237480990160691	0,8559811270201212	Lower
letra	6	0,000619514713474445	0,00012215157789300743	5,071688177594218	Higher
ala_a+ala_el	6	0,000619514713474445	0,001380312830190984	0,44882196261895735	Lower
comunidad	6	0,000619514713474445	0,0006321344155963135	0,9800363628201387	Lower
orio	6	0,000619514713474445	0,0005069290482559808	1,222093536769691	Higher
miente	6	0,000619514713474445	0,00045196083820412753	1,3707265344849238	Higher
corromper	6	0,000619514713474445	0,00015574326181358447	3,9777946490935046	Higher
maguer	5	0,0005162622612287042	0,00046417599599342824	1,1122123196478548	Higher
soler	5	0,0005162622612287042	0,00014047431457695855	3,6751363605755203	Higher
tirar	5	0,0005162622612287042	0,00033897062865309563	1,5230294827610265	Higher
poco	5	0,0005162622612287042	0,0004153153648362253	1,2430608278417201	Higher
salvar	5	0,0005162622612287042	0,00023208799799671412	2,2244246392957097	Higher
ͦ	5	0,0005162622612287042	1,8322736683951114e-05	28,176045431078993	Higher
ojo	5	0,0005162622612287042	0,0003908850492576238	1,3207521295818276	Higher
estado	5	0,0005162622612287042	0,0003328630497584453	1,550974977857559	Higher
alabar	5	0,0005162622612287042	0,0004061539964942497	1,2710997938832627	Higher
quela_que+quela_el	5	0,0005162622612287042	3,053789447325186e-06	169,05627258647394	Higher
valerio	5	0,0005162622612287042	0,0003664547336790223	1,4088022715539494	Higher
tuerto	5	0,0005162622612287042	0,0004061539964942497	1,2710997938832627	Higher
ar	5	0,0005162622612287042	0,0005496821005185334	0,9392015143692998	Lower
santidad	5	0,0005162622612287042	3,053789447325186e-05	16,905627258647396	Higher
quien	5	0,0005162622612287042	0,000656564731174915	0,7863082445882509	Lower
cuidado	5	0,0005162622612287042	0,00019849631407613708	2,600865732099599	Higher
vivir	5	0,0005162622612287042	0,000870329992487678	0,5931799038121892	Lower
agustín	5	0,0005162622612287042	0,0005557896794131838	0,9288806186069997	Lower
dellas_de+dellas_el	5	0,0005162622612287042	0,0003756161020209979	1,3744412405404385	Higher
delo_de+delo_el	5	0,0005162622612287042	0,00020155010352346226	2,5614586755526356	Higher
comer	5	0,0005162622612287042	0,00035729336533704676	1,4449254067219994	Higher
don	5	0,0005162622612287042	0,00024124936633868968	2,139952817550303	Higher
propio	5	0,0005162622612287042	0,0003603471547843719	1,432680276156559	Higher
enviar	5	0,0005162622612287042	0,0002534645241279904	2,0368225612828184	Higher
destruir	5	0,0005162622612287042	0,00028705620804856747	1,7984709849624887	Higher
cada	5	0,0005162622612287042	0,0008520072558037268	0,6059364608834191	Lower
ihun	5	0,0005162622612287042	3,053789447325186e-06	169,05627258647394	Higher
hasta	5	0,0005162622612287042	0,00043669189096750156	1,1822116964089087	Higher
roma	5	0,0005162622612287042	0,0002595721030226408	1,9888973245467523	Higher
templo	5	0,0005162622612287042	0,00010077505176173113	5,122917351105271	Higher
batalla	5	0,0005162622612287042	0,0005832737844391105	0,8851113747982929	Lower
persona	5	0,0005162622612287042	0,0005496821005185334	0,9392015143692998	Lower
sutil	5	0,0005162622612287042	6,412957839382891e-05	8,050298694593996	Higher
preciar	5	0,0005162622612287042	3,359168392057704e-05	15,368752053315813	Higher
amigo	5	0,0005162622612287042	0,0005496821005185334	0,9392015143692998	Lower
suyo	5	0,0005162622612287042	0,0005466283110712082	0,9444484502037651	Lower
vez	5	0,0005162622612287042	0,0006321344155963135	0,8166969690167823	Lower
destos_de+destos_este	5	0,0005162622612287042	0,00018017357739218595	2,865360552313118	Higher
polícrato	5	0,0005162622612287042	0,00018017357739218595	2,865360552313118	Higher
seso	4	0,00041300980898296334	0,0002168190507600882	1,9048594094250582	Higher
señor	4	0,00041300980898296334	0,00012215157789300743	3,3811254517294786	Higher
ciudadano	4	0,00041300980898296334	0,0004702835748880786	0,8782144030466178	Lower
armar	4	0,00041300980898296334	0,00010382884120905632	3,977794649093504	Higher
oír	4	0,00041300980898296334	0,0003847774703629734	1,0733731592791995	Higher
verdad	4	0,00041300980898296334	0,00029010999749589267	1,423631769149254	Higher
nombre	4	0,00041300980898296334	0,0001923887351814867	2,146746318558399	Higher
consejero	4	0,00041300980898296334	0,00016185084070823486	2,551792793758097	Higher
dolor	4	0,00041300980898296334	0,00010382884120905632	3,977794649093504	Higher
acrecentar	4	0,00041300980898296334	4,580684170987779e-05	9,016334537945276	Higher
vida	4	0,00041300980898296334	0,0008306307296724506	0,497224331136688	Lower
1000	4	0,00041300980898296334	7,023715728847928e-05	5,880218176920832	Higher
igual	4	0,00041300980898296334	0,0002595721030226408	1,5911178596374018	Higher
ahí	4	0,00041300980898296334	0,00045196083820412753	0,9138176896566158	Lower
yo	4	0,00041300980898296334	0,0004702835748880786	0,8782144030466178	Lower
riqueza	4	0,00041300980898296334	0,00048555252212470457	0,8505975979193656	Lower
pugnar	4	0,00041300980898296334	9,466747286708076e-05	4,362742518360617	Higher
engaño	4	0,00041300980898296334	0,000427530522625526	0,9660358433512797	Lower
justo	4	0,00041300980898296334	0,00010993642010370669	3,756806057477198	Higher
ganar	4	0,00041300980898296334	0,00027178726081194155	1,5196069445975184	Higher
engañar	4	0,00041300980898296334	6,107578894650372e-06	67,62250903458957	Higher
semejar	4	0,00041300980898296334	0,00024124936633868968	1,7119622540402424	Higher
escoger	4	0,00041300980898296334	0,00029927136583786823	1,3800512047875422	Higher
tulio	4	0,00041300980898296334	0,0003328630497584453	1,240779982286047	Higher
fecho	4	0,00041300980898296334	0,00035423957588972155	1,1659053281825789	Higher
acontecer	4	0,00041300980898296334	0,00014352810402428373	2,8775535759399817	Higher
enemigo	4	0,00041300980898296334	0,0009344595708815069	0,44197718323261154	Lower
demandar	4	0,00041300980898296334	0,000427530522625526	0,9660358433512797	Lower
lidiador	4	0,00041300980898296334	0,00046112220654610304	0,8956623713190672	Lower
facienda	4	0,00041300980898296334	0,00043669189096750156	0,945769357127127	Lower
valer	4	0,00041300980898296334	0,00016490463015556004	2,5045373716514656	Higher
reina	4	0,00041300980898296334	0,00018322736683951116	2,254083634486319	Higher
apóstol	4	0,00041300980898296334	0,0002381955768913645	1,7339104880663991	Higher
maestro	4	0,00041300980898296334	0,0003023251552851934	1,3661112936280722	Higher
algo	4	0,00041300980898296334	0,0004336381015201764	0,9524297047125291	Lower
forma	4	0,00041300980898296334	0,0001068826306563815	3,8641433734051187	Higher
menguar	4	0,00041300980898296334	0,00021987284020741338	1,878403028738599	Higher
fe	4	0,00041300980898296334	0,0003481319969950712	1,1863598076243784	Higher
recibir	4	0,00041300980898296334	0,00031454031307449415	1,3130584278561082	Higher
enesto_en+enesto_este	4	0,00041300980898296334	7,939852563045483e-05	5,201731464199198	Higher
lengua	4	0,00041300980898296334	0,00015574326181358447	2,6518630993956696	Higher
sun	4	0,00041300980898296334	3,053789447325186e-06	135,24501806917914	Higher
reinar	4	0,00041300980898296334	0,0001465818934716089	2,817604543107899	Higher
después	4	0,00041300980898296334	0,0007206943095687438	0,5730721104626235	Lower
llamar	4	0,00041300980898296334	0,0006962639939901424	0,5931799038121892	Lower
primero	4	0,00041300980898296334	0,0004336381015201764	0,9524297047125291	Lower
pensar	4	0,00041300980898296334	0,0002351417874440393	1,7564288060932356	Higher
ma_me+ma_a	4	0,00041300980898296334	3,053789447325186e-05	13,524501806917915	Higher
cristo	4	0,00041300980898296334	0,00010382884120905632	3,977794649093504	Higher
notar	4	0,00041300980898296334	0,0007634473618312965	0,5409800722767165	Lower
oficial	4	0,00041300980898296334	0,00011604399899835706	3,5590794228731353	Higher
gobernador	4	0,00041300980898296334	0,00021987284020741338	1,878403028738599	Higher
castigar	4	0,00041300980898296334	0,00033591683920577043	1,229500164265265	Higher
alas_a+alas_el	4	0,00041300980898296334	0,000806200414093849	0,5122917351105271	Lower
defender	4	0,00041300980898296334	0,00048249873267737937	0,8559811270201212	Lower
vicio	4	0,00041300980898296334	0,0001252053673403326	3,2986589772970527	Higher
capítulo	4	0,00041300980898296334	0,002073523034733801	0,1991826481136659	Lower
jura	4	0,00041300980898296334	4,2753052262552605e-05	9,660358433512796	Higher
cuál	4	0,00041300980898296334	0,0030660046051144865	0,13470619329599517	Lower
alejandro	4	0,00041300980898296334	0,0005191442060452816	0,7955589298187009	Lower
epístola	4	0,00041300980898296334	0,0003053789447325186	1,3524501806917915	Higher
juez	4	0,00041300980898296334	0,00033591683920577043	1,229500164265265	Higher
codiciar	3	0,0003097573567372225	9,466747286708076e-05	3,2720568887704635	Higher
deseo	3	0,0003097573567372225	0,0002168190507600882	1,4286445570687938	Higher
siervo	3	0,0003097573567372225	0,0008672762030403528	0,35716113926719845	Lower
pena	3	0,0003097573567372225	0,00027178726081194155	1,139705208448139	Higher
labrador	3	0,0003097573567372225	0,00010993642010370669	2,817604543107899	Higher
can	3	0,0003097573567372225	6,412957839382891e-05	4,830179216756398	Higher
sino	3	0,0003097573567372225	0,0005557896794131838	0,5573283711641998	Lower
placer	3	0,0003097573567372225	0,00022598041910206376	1,3707265344849238	Higher
peligro	3	0,0003097573567372225	0,0003481319969950712	0,8897698557182838	Lower
muerte	3	0,0003097573567372225	0,0005008214693613304	0,6184985582431973	Lower
pues	3	0,0003097573567372225	0,00016490463015556004	1,8784030287385993	Higher
durar	3	0,0003097573567372225	0,0001526894723662593	2,028675271037687	Higher
gregorio	3	0,0003097573567372225	0,00016490463015556004	1,8784030287385993	Higher
herir	3	0,0003097573567372225	0,00026873347136461634	1,152656403998686	Higher
pie	3	0,0003097573567372225	0,000262625892469966	1,1794623668823763	Higher
aque_a+aque_que	3	0,0003097573567372225	9,772126231440595e-05	3,169805110996386	Higher
cielo	3	0,0003097573567372225	0,00031148652362716895	0,9944486622733761	Lower
salir	3	0,0003097573567372225	0,0004458532593094771	0,6947518051498929	Lower
8	3	0,0003097573567372225	0,00034202441810042084	0,9056586031418246	Lower
antes	3	0,0003097573567372225	0,0004977676799140053	0,622293027925671	Lower
casa	3	0,0003097573567372225	0,0010810414643531159	0,2865360552313117	Lower
adesora_a+adesora_deshora	3	0,0003097573567372225	2,4430315578601487e-05	12,679220443985544	Higher
sufrir	3	0,0003097573567372225	0,00045196083820412753	0,6853632672424619	Lower
ventura	3	0,0003097573567372225	0,0001252053673403326	2,4739942329727893	Higher
della_de+della_el	3	0,0003097573567372225	0,0002931637869432178	1,0566017036654622	Higher
poderoso	3	0,0003097573567372225	0,00020765768241811264	1,491672993410064	Higher
día	3	0,0003097573567372225	0,00040004641759959936	0,7743035385640027	Lower
consentir	3	0,0003097573567372225	0,0003053789447325186	1,0143376355188436	Higher
hidalgo	3	0,0003097573567372225	8,245231507778002e-05	3,7568060574771986	Higher
evangelio	3	0,0003097573567372225	0,0003023251552851934	1,0245834702210541	Higher
robador	3	0,0003097573567372225	2,4430315578601487e-05	12,679220443985544	Higher
caución	3	0,0003097573567372225	1,8322736683951114e-05	16,905627258647396	Higher
gente	3	0,0003097573567372225	0,0002656796819172912	1,1659053281825789	Higher
boecio	3	0,0003097573567372225	7,939852563045483e-05	3,9012985981493986	Higher
virtuoso	3	0,0003097573567372225	0,0002656796819172912	1,1659053281825789	Higher
paz	3	0,0003097573567372225	0,00035729336533704676	0,8669552440331997	Lower
caer	3	0,0003097573567372225	0,00033897062865309563	0,9138176896566158	Lower
honesto	3	0,0003097573567372225	0,0001740659984975356	1,7795397114365676	Higher
discordia	3	0,0003097573567372225	8,855989397243039e-05	3,4977159845477366	Higher
fallecer	3	0,0003097573567372225	0,0001252053673403326	2,4739942329727893	Higher
ordenar	3	0,0003097573567372225	0,0007634473618312965	0,4057350542075374	Lower
defendimiento	3	0,0003097573567372225	0,00010382884120905632	2,983345986820128	Higher
codicioso	3	0,0003097573567372225	5,802199949917853e-05	5,338619134309703	Higher
toma	3	0,0003097573567372225	0,000509982837703306	0,6073878056999064	Lower
san	3	0,0003097573567372225	0,0002168190507600882	1,4286445570687938	Higher
verdadero	3	0,0003097573567372225	0,00029621757639054303	1,0457089025967459	Higher
sí	3	0,0003097573567372225	0,0004061539964942497	0,7626598763299576	Lower
aquí	3	0,0003097573567372225	0,0012795377784292528	0,24208535453910351	Lower
otrosí	3	0,0003097573567372225	0,0005374669427292327	0,576328201999343	Lower
lugar	3	0,0003097573567372225	0,0005618972583078342	0,551270454086328	Lower
miedo	3	0,0003097573567372225	0,00016185084070823486	1,9138445953185728	Higher
natura	3	0,0003097573567372225	0,0005710586266498098	0,5424265430582051	Lower
cuenta	3	0,0003097573567372225	0,00018628115628683634	1,6628485828177764	Higher
acordar	3	0,0003097573567372225	0,000213765261312763	1,4490537650269195	Higher
excusar	3	0,0003097573567372225	0,0005313593638345824	0,5829526640912894	Lower
iglesia	3	0,0003097573567372225	0,00028400241860124226	1,0906856295901546	Higher
culpar	3	0,0003097573567372225	3,359168392057704e-05	9,221251231989488	Higher
culpa	3	0,0003097573567372225	8,855989397243039e-05	3,4977159845477366	Higher
profeta	3	0,0003097573567372225	0,00010077505176173113	3,0737504106631626	Higher
aristóteles	3	0,0003097573567372225	0,00021987284020741338	1,4088022715539494	Higher
pecar	3	0,0003097573567372225	0,0005374669427292327	0,576328201999343	Lower
pleito	3	0,0003097573567372225	0,0001923887351814867	1,6100597389187994	Higher
vasallo	3	0,0003097573567372225	5,191442060452816e-05	5,966691973640256	Higher
ello	3	0,0003097573567372225	0,0002381955768913645	1,3004328660497995	Higher
dla	3	0,0003097573567372225	3,053789447325186e-06	101,43376355188435	Higher
fortaleza	3	0,0003097573567372225	0,0004305843120728512	0,7193883939849954	Lower
crueldad	3	0,0003097573567372225	7,634473618312965e-05	4,057350542075374	Higher
maldad	3	0,0003097573567372225	0,00016490463015556004	1,8784030287385993	Higher
honrar	3	0,0003097573567372225	0,00018628115628683634	1,6628485828177764	Higher
penar	3	0,0003097573567372225	7,023715728847928e-05	4,410163632690624	Higher
proverbio	3	0,0003097573567372225	0,00014352810402428373	2,1581651819549865	Higher
tú	3	0,0003097573567372225	0,00026873347136461634	1,152656403998686	Higher
abad	3	0,0003097573567372225	8,855989397243039e-05	3,4977159845477366	Higher
puerta	2	0,00020650490449148167	9,772126231440595e-05	2,113203407330924	Higher
verso	2	0,00020650490449148167	5,802199949917853e-05	3,5590794228731353	Higher
india	2	0,00020650490449148167	1,8322736683951114e-05	11,270418172431595	Higher
coracon	2	0,00020650490449148167	3,053789447325186e-06	67,62250903458957	Higher
vencedor	2	0,00020650490449148167	9,466747286708076e-05	2,1813712591803087	Higher
vía	2	0,00020650490449148167	2,7484105025926673e-05	7,513612114954396	Higher
ordenamiento	2	0,00020650490449148167	0,00018933494573416152	1,0906856295901544	Higher
villano	2	0,00020650490449148167	6,718336784115409e-05	3,0737504106631626	Higher
alto	2	0,00020650490449148167	0,00026873347136461634	0,7684376026657906	Lower
callar	2	0,00020650490449148167	0,00011909778844568225	1,7339104880663991	Higher
viejo	2	0,00020650490449148167	0,0003664547336790223	0,5635209086215798	Lower
aviar	2	0,00020650490449148167	6,412957839382891e-05	3,2201194778375983	Higher
alongar	2	0,00020650490449148167	0,00010382884120905632	1,988897324546752	Higher
mayormente	2	0,00020650490449148167	0,00018017357739218595	1,146144220925247	Higher
mar	2	0,00020650490449148167	0,00022292662965473856	0,9263357401998572	Lower
torpe	2	0,00020650490449148167	0,00011299020955103188	1,8276353793132316	Higher
nave	2	0,00020650490449148167	0,0001252053673403326	1,6493294886485264	Higher
brazo	2	0,00020650490449148167	3,969926281522741e-05	5,201731464199198	Higher
entonces	2	0,00020650490449148167	0,00031148652362716895	0,6629657748489174	Lower
pero	2	0,00020650490449148167	3,664547336790223e-05	5,635209086215798	Higher
servir	2	0,00020650490449148167	0,00033591683920577043	0,6147500821326325	Lower
galardón	2	0,00020650490449148167	7,939852563045483e-05	2,600865732099599	Higher
fuero	2	0,00020650490449148167	1,2215157789300744e-05	16,905627258647392	Higher
nadar	2	0,00020650490449148167	1,8322736683951114e-05	11,270418172431595	Higher
enl_en+enl_el	2	0,00020650490449148167	6,107578894650372e-06	33,811254517294785	Higher
osar	2	0,00020650490449148167	0,00014352810402428373	1,4387767879699909	Higher
clemencia	2	0,00020650490449148167	8,245231507778002e-05	2,5045373716514656	Higher
reír	2	0,00020650490449148167	2,1376526131276302e-05	9,660358433512796	Higher
adar	2	0,00020650490449148167	3,053789447325186e-06	67,62250903458957	Higher
mesura	2	0,00020650490449148167	0,00017711978794486078	1,1659053281825789	Higher
oveja	2	0,00020650490449148167	2,4430315578601487e-05	8,452813629323696	Higher
lobo	2	0,00020650490449148167	2,1376526131276302e-05	9,660358433512796	Higher
levar	2	0,00020650490449148167	0,0002168190507600882	0,9524297047125291	Lower
adelante	2	0,00020650490449148167	0,0002809486291539171	0,735027272115104	Lower
comenzar	2	0,00020650490449148167	0,00011909778844568225	1,7339104880663991	Higher
consolación	2	0,00020650490449148167	3,969926281522741e-05	5,201731464199198	Higher
siglo	2	0,00020650490449148167	1,8322736683951114e-05	11,270418172431595	Higher
dor	2	0,00020650490449148167	3,053789447325186e-06	67,62250903458957	Higher
er	2	0,00020650490449148167	0,00042142294373087564	0,49001818141006936	Lower
declarar	2	0,00020650490449148167	0,0004153153648362253	0,497224331136688	Lower
atal_a+atal_tal	2	0,00020650490449148167	1,2215157789300744e-05	16,905627258647392	Higher
queer	2	0,00020650490449148167	2,1376526131276302e-05	9,660358433512796	Higher
calar	2	0,00020650490449148167	3,053789447325186e-06	67,62250903458957	Higher
temor	2	0,00020650490449148167	0,00040004641759959936	0,5162023590426684	Lower
seguro	2	0,00020650490449148167	5,802199949917853e-05	3,5590794228731353	Higher
servicio	2	0,00020650490449148167	0,00018322736683951116	1,1270418172431595	Higher
pecho	2	0,00020650490449148167	3,969926281522741e-05	5,201731464199198	Higher
postrimero	2	0,00020650490449148167	0,00011299020955103188	1,8276353793132316	Higher
luego	2	0,00020650490449148167	0,0003908850492576238	0,528300851832731	Lower
101	2	0,00020650490449148167	6,107578894650372e-06	33,811254517294785	Higher
señorío	2	0,00020650490449148167	6,107578894650372e-06	33,811254517294785	Higher
10	2	0,00020650490449148167	0,00033591683920577043	0,6147500821326325	Lower
po	2	0,00020650490449148167	9,161368341975557e-06	22,54083634486319	Higher
probar	2	0,00020650490449148167	0,0005038752588086557	0,4098333880884216	Lower
principalmente	2	0,00020650490449148167	0,00011909778844568225	1,7339104880663991	Higher
palacio	2	0,00020650490449148167	9,161368341975558e-05	2,254083634486319	Higher
librar	2	0,00020650490449148167	0,00010077505176173113	2,0491669404421082	Higher
miembro	2	0,00020650490449148167	0,00030843273417984374	0,669529792421679	Lower
andar	2	0,00020650490449148167	0,0004580684170987779	0,4508167268972638	Lower
condición	2	0,00020650490449148167	0,0005710586266498098	0,3616176953721367	Lower
mozo	2	0,00020650490449148167	1,8322736683951114e-05	11,270418172431595	Higher
parlero	2	0,00020650490449148167	3,359168392057704e-05	6,147500821326325	Higher
infamar	2	0,00020650490449148167	6,107578894650372e-06	33,811254517294785	Higher
delos	2	0,00020650490449148167	0,00018322736683951116	1,1270418172431595	Higher
reverencia	2	0,00020650490449148167	0,00017101220905021042	1,2075448041890995	Higher
mandamiento	2	0,00020650490449148167	0,0003878312598102986	0,5324607010597604	Lower
ensalzar	2	0,00020650490449148167	3,053789447325186e-06	67,62250903458957	Higher
acostumbrar	2	0,00020650490449148167	0,0001740659984975356	1,1863598076243784	Higher
mente	2	0,00020650490449148167	6,718336784115409e-05	3,0737504106631626	Higher
peor	2	0,00020650490449148167	0,00014963568291893412	1,3800512047875422	Higher
dicha	2	0,00020650490449148167	6,718336784115409e-05	3,0737504106631626	Higher
maravilla	2	0,00020650490449148167	2,7484105025926673e-05	7,513612114954396	Higher
papa	2	0,00020650490449148167	8,245231507778002e-05	2,5045373716514656	Higher
amparador	2	0,00020650490449148167	1,526894723662593e-05	13,524501806917915	Higher
desear	2	0,00020650490449148167	0,00033591683920577043	0,6147500821326325	Lower
bondad	2	0,00020650490449148167	0,00024735694523334007	0,8348457905504885	Lower
aquila	2	0,00020650490449148167	1,8322736683951114e-05	11,270418172431595	Higher
italia	2	0,00020650490449148167	2,1376526131276302e-05	9,660358433512796	Higher
queso	2	0,00020650490449148167	1,2215157789300744e-05	16,905627258647392	Higher
julio	2	0,00020650490449148167	5,4968210051853345e-05	3,756806057477198	Higher
césar	2	0,00020650490449148167	5,802199949917853e-05	3,5590794228731353	Higher
establecer	2	0,00020650490449148167	0,00015879705126090965	1,3004328660497995	Higher
juzgar	2	0,00020650490449148167	0,000525251784939932	0,3931541222941254	Lower
queles_que+queles_le	2	0,00020650490449148167	0,00011909778844568225	1,7339104880663991	Higher
morada	2	0,00020650490449148167	8,245231507778002e-05	2,5045373716514656	Higher
otes	2	0,00020650490449148167	3,053789447325186e-05	6,762250903458957	Higher
i	2	0,00020650490449148167	5,4968210051853345e-05	3,756806057477198	Higher
aparejar	2	0,00020650490449148167	0,00011299020955103188	1,8276353793132316	Higher
discípulo	2	0,00020650490449148167	0,00013742052512963335	1,5027224229908795	Higher
historia	2	0,00020650490449148167	9,161368341975558e-05	2,254083634486319	Higher
mientras	2	0,00020650490449148167	7,329094673580446e-05	2,817604543107899	Higher
lego	2	0,00020650490449148167	1,2215157789300744e-05	16,905627258647392	Higher
enfermo	2	0,00020650490449148167	6,412957839382891e-05	3,2201194778375983	Higher
francia	2	0,00020650490449148167	3,664547336790223e-05	5,635209086215798	Higher
pobreza	2	0,00020650490449148167	5,802199949917853e-05	3,5590794228731353	Higher
enel_en+enel_el	2	0,00020650490449148167	0,004400510593595593	0,046927487185697135	Lower
cuidar	2	0,00020650490449148167	0,0005038752588086557	0,4098333880884216	Lower
palabra	2	0,00020650490449148167	0,0005283055743872571	0,3908815551132345	Lower
pesar	2	0,00020650490449148167	0,00011909778844568225	1,7339104880663991	Higher
ofender	2	0,00020650490449148167	2,7484105025926673e-05	7,513612114954396	Higher
alférez	2	0,00020650490449148167	9,161368341975557e-06	22,54083634486319	Higher
pedro	2	0,00020650490449148167	3,969926281522741e-05	5,201731464199198	Higher
juan	2	0,00020650490449148167	9,161368341975558e-05	2,254083634486319	Higher
19	2	0,00020650490449148167	4,2753052262552605e-05	4,830179216756398	Higher
mí	2	0,00020650490449148167	9,466747286708076e-05	2,1813712591803087	Higher
ordenación	2	0,00020650490449148167	6,107578894650372e-06	33,811254517294785	Higher
malicia	2	0,00020650490449148167	8,855989397243039e-05	2,3318106563651577	Higher
job	2	0,00020650490449148167	7,329094673580446e-05	2,817604543107899	Higher
23	2	0,00020650490449148167	2,1376526131276302e-05	9,660358433512796	Higher
acusar	2	0,00020650490449148167	0,00010993642010370669	1,878403028738599	Higher
merecimiento	2	0,00020650490449148167	5,802199949917853e-05	3,5590794228731353	Higher
furia	2	0,00020650490449148167	3,053789447325186e-05	6,762250903458957	Higher
renta	2	0,00020650490449148167	6,412957839382891e-05	3,2201194778375983	Higher
sexto	2	0,00020650490449148167	0,00020765768241811264	0,994448662273376	Lower
maría	2	0,00020650490449148167	6,412957839382891e-05	3,2201194778375983	Higher
poblar	2	0,00020650490449148167	1,2215157789300744e-05	16,905627258647392	Higher
menos	2	0,00020650490449148167	0,00029010999749589267	0,711815884574627	Lower
elo	2	0,00020650490449148167	9,161368341975557e-06	22,54083634486319	Higher
ante	2	0,00020650490449148167	0,00039699262815227416	0,5201731464199197	Lower
desta_de+desta_este	2	0,00020650490449148167	0,00032980926031112007	0,6261343429128664	Lower
mantener	2	0,00020650490449148167	0,00018322736683951116	1,1270418172431595	Higher
negar	2	0,00020650490449148167	7,023715728847928e-05	2,940109088460416	Higher
largo	2	0,00020650490449148167	8,855989397243039e-05	2,3318106563651577	Higher
ayuda	2	0,00020650490449148167	8,550610452510521e-05	2,415089608378199	Higher
contrario	2	0,00020650490449148167	0,000558843468860509	0,36952190729283924	Lower
familiar	2	0,00020650490449148167	2,4430315578601487e-05	8,452813629323696	Higher
desamparar	2	0,00020650490449148167	0,00011299020955103188	1,8276353793132316	Higher
destas_de+destas_este	2	0,00020650490449148167	0,00018933494573416152	1,0906856295901544	Higher
estran	2	0,00020650490449148167	0,0001252053673403326	1,6493294886485264	Higher
aventura	2	0,00020650490449148167	0,00024735694523334007	0,8348457905504885	Lower
voluntad	2	0,00020650490449148167	0,0006321344155963135	0,32667878760671293	Lower
apetito	2	0,00020650490449148167	0,00031148652362716895	0,6629657748489174	Lower
apercibir	2	0,00020650490449148167	4,8860631157202975e-05	4,226406814661848	Higher
gastamiento	2	0,00020650490449148167	2,4430315578601487e-05	8,452813629323696	Higher
largueza	2	0,00020650490449148167	0,0001068826306563815	1,9320716867025594	Higher
obedecer	2	0,00020650490449148167	0,00014352810402428373	1,4387767879699909	Higher
paradre	2	0,00020650490449148167	3,053789447325186e-06	67,62250903458957	Higher
poridad	2	0,00020650490449148167	0,00010382884120905632	1,988897324546752	Higher
agua	2	0,00020650490449148167	0,00016795841960288521	1,229500164265265	Higher
entender	2	0,00020650490449148167	0,0006962639939901424	0,2965899519060946	Lower
hueste	2	0,00020650490449148167	0,00023208799799671412	0,8897698557182838	Lower
vergüenza	2	0,00020650490449148167	3,053789447325186e-05	6,762250903458957	Higher
ta_te+ta_haber	2	0,00020650490449148167	6,107578894650372e-06	33,811254517294785	Higher
dueño	2	0,00020650490449148167	5,802199949917853e-05	3,5590794228731353	Higher
catar	2	0,00020650490449148167	0,00020765768241811264	0,994448662273376	Lower
menor	2	0,00020650490449148167	0,00024735694523334007	0,8348457905504885	Lower
vil	2	0,00020650490449148167	8,245231507778002e-05	2,5045373716514656	Higher
expensa	2	0,00020650490449148167	2,4430315578601487e-05	8,452813629323696	Higher
compaña	2	0,00020650490449148167	1,8322736683951114e-05	11,270418172431595	Higher
ayudar	2	0,00020650490449148167	8,855989397243039e-05	2,3318106563651577	Higher
morir	2	0,00020650490449148167	0,00048249873267737937	0,4279905635100606	Lower
asno	2	0,00020650490449148167	2,1376526131276302e-05	9,660358433512796	Higher
coronar	2	0,00020650490449148167	9,161368341975557e-06	22,54083634486319	Higher
salud	2	0,00020650490449148167	0,0001526894723662593	1,3524501806917915	Higher
ec	2	0,00020650490449148167	3,053789447325186e-06	67,62250903458957	Higher
enc	2	0,00020650490449148167	8,245231507778002e-05	2,5045373716514656	Higher
cabeca	2	0,00020650490449148167	3,053789447325186e-06	67,62250903458957	Higher
ensen	2	0,00020650490449148167	0,0006290806261489883	0,32826460696402704	Lower
conturbar	2	0,00020650490449148167	6,107578894650372e-06	33,811254517294785	Higher
continuado	2	0,00020650490449148167	9,161368341975557e-06	22,54083634486319	Higher
meter	2	0,00020650490449148167	0,00016185084070823486	1,2758963968790484	Higher
romper	2	0,00020650490449148167	3,053789447325186e-05	6,762250903458957	Higher
mudar	2	0,00020650490449148167	0,00018017357739218595	1,146144220925247	Higher
dar+te	1	0,00010325245224574084	3,053789447325186e-06	33,811254517294785	Higher
indio	1	0,00010325245224574084	4,580684170987779e-05	2,254083634486319	Higher
medo	1	0,00010325245224574084	9,161368341975557e-06	11,270418172431595	Higher
muelle	1	0,00010325245224574084	6,412957839382891e-05	1,6100597389187992	Higher
arrados	1	0,00010325245224574084	3,053789447325186e-06	33,811254517294785	Higher
arrebatado	1	0,00010325245224574084	1,526894723662593e-05	6,762250903458957	Higher
yugo	1	0,00010325245224574084	1,2215157789300744e-05	8,452813629323696	Higher
ti	1	0,00010325245224574084	0,00018628115628683634	0,5542828609392588	Lower
licencia	1	0,00010325245224574084	1,526894723662593e-05	6,762250903458957	Higher
suria	1	0,00010325245224574084	3,053789447325186e-06	33,811254517294785	Higher
soltura	1	0,00010325245224574084	1,526894723662593e-05	6,762250903458957	Higher
desenfrenadamente	1	0,00010325245224574084	6,107578894650372e-06	16,905627258647392	Higher
movimiento	1	0,00010325245224574084	0,00015574326181358447	0,6629657748489174	Lower
dote	1	0,00010325245224574084	9,161368341975557e-06	11,270418172431595	Higher
natural	1	0,00010325245224574084	0,001594078091503747	0,06477251823236549	Lower
aduro	1	0,00010325245224574084	3,053789447325186e-06	33,811254517294785	Higher
escudero	1	0,00010325245224574084	1,8322736683951114e-05	5,635209086215798	Higher
encima	1	0,00010325245224574084	2,4430315578601487e-05	4,226406814661848	Higher
altar	1	0,00010325245224574084	3,359168392057704e-05	3,0737504106631626	Higher
espuela	1	0,00010325245224574084	9,161368341975557e-06	11,270418172431595	Higher
erque	1	0,00010325245224574084	6,107578894650372e-06	16,905627258647392	Higher
ahora	1	0,00010325245224574084	0,00016490463015556004	0,6261343429128664	Lower
placentero	1	0,00010325245224574084	5,4968210051853345e-05	1,878403028738599	Higher
lisonjero	1	0,00010325245224574084	0,00015879705126090965	0,6502164330248997	Lower
estudiar	1	0,00010325245224574084	9,161368341975558e-05	1,1270418172431595	Higher
entresi_entre+entresi_sí	1	0,00010325245224574084	9,161368341975557e-06	11,270418172431595	Higher
vejedad	1	0,00010325245224574084	8,550610452510521e-05	1,2075448041890995	Higher
sospecha	1	0,00010325245224574084	7,023715728847928e-05	1,470054544230208	Higher
60	1	0,00010325245224574084	1,2215157789300744e-05	8,452813629323696	Higher
pasar	1	0,00010325245224574084	0,00036950852312634747	0,27943185551483296	Lower
esperanza	1	0,00010325245224574084	3,359168392057704e-05	3,0737504106631626	Higher
sa_se+sa_haber	1	0,00010325245224574084	1,526894723662593e-05	6,762250903458957	Higher
desí	1	0,00010325245224574084	3,053789447325186e-06	33,811254517294785	Higher
dion	1	0,00010325245224574084	9,161368341975557e-06	11,270418172431595	Higher
breve	1	0,00010325245224574084	2,4430315578601487e-05	4,226406814661848	Higher
duradero	1	0,00010325245224574084	2,4430315578601487e-05	4,226406814661848	Higher
eren	1	0,00010325245224574084	2,1376526131276302e-05	4,830179216756398	Higher
disponer	1	0,00010325245224574084	1,526894723662593e-05	6,762250903458957	Higher
26	1	0,00010325245224574084	9,161368341975557e-06	11,270418172431595	Higher
cerrar	1	0,00010325245224574084	2,4430315578601487e-05	4,226406814661848	Higher
lozanía	1	0,00010325245224574084	9,161368341975557e-06	11,270418172431595	Higher
perezoso	1	0,00010325245224574084	1,8322736683951114e-05	5,635209086215798	Higher
baldío	1	0,00010325245224574084	7,329094673580446e-05	1,4088022715539494	Higher
conseguir	1	0,00010325245224574084	5,191442060452816e-05	1,988897324546752	Higher
sabedor	1	0,00010325245224574084	7,329094673580446e-05	1,4088022715539494	Higher
divino	1	0,00010325245224574084	3,664547336790223e-05	2,817604543107899	Higher
david	1	0,00010325245224574084	0,00021987284020741338	0,4696007571846498	Lower
heredamiento	1	0,00010325245224574084	8,550610452510521e-05	1,2075448041890995	Higher
tornar	1	0,00010325245224574084	0,0003023251552851934	0,34152782340701804	Lower
loguer	1	0,00010325245224574084	6,107578894650372e-06	16,905627258647392	Higher
7	1	0,00010325245224574084	0,00029010999749589267	0,3559079422873135	Lower
andante	1	0,00010325245224574084	0,00011604399899835706	0,8897698557182838	Lower
dadero	1	0,00010325245224574084	6,107578894650372e-06	16,905627258647392	Higher
procurar	1	0,00010325245224574084	8,550610452510521e-05	1,2075448041890995	Higher
sano	1	0,00010325245224574084	0,00011604399899835706	0,8897698557182838	Lower
mover	1	0,00010325245224574084	0,0003847774703629734	0,2683432898197999	Lower
acatamiento	1	0,00010325245224574084	6,107578894650372e-06	16,905627258647392	Higher
tiranizan	1	0,00010325245224574084	6,107578894650372e-06	16,905627258647392	Higher
grad	1	0,00010325245224574084	9,161368341975557e-06	11,270418172431595	Higher
dureza	1	0,00010325245224574084	2,7484105025926673e-05	3,756806057477198	Higher
castigo	1	0,00010325245224574084	0,00028400241860124226	0,3635618765300515	Lower
empecer	1	0,00010325245224574084	5,191442060452816e-05	1,988897324546752	Higher
5	1	0,00010325245224574084	0,0004489070487568023	0,23000853413125705	Lower
sospechoso	1	0,00010325245224574084	3,359168392057704e-05	3,0737504106631626	Higher
dende	1	0,00010325245224574084	0,00020765768241811264	0,497224331136688	Lower
presunción	1	0,00010325245224574084	3,053789447325186e-06	33,811254517294785	Higher
cen	1	0,00010325245224574084	3,053789447325186e-06	33,811254517294785	Higher
misericordia	1	0,00010325245224574084	0,00016490463015556004	0,6261343429128664	Lower
afirmar	1	0,00010325245224574084	5,4968210051853345e-05	1,878403028738599	Higher
tro	1	0,00010325245224574084	3,053789447325186e-06	33,811254517294785	Higher
quetro	1	0,00010325245224574084	7,939852563045483e-05	1,3004328660497995	Higher
aventurado	1	0,00010325245224574084	9,466747286708076e-05	1,0906856295901544	Higher
aventurar	1	0,00010325245224574084	1,2215157789300744e-05	8,452813629323696	Higher
civil	1	0,00010325245224574084	0,00022903420854938894	0,4508167268972638	Lower
prudencia	1	0,00010325245224574084	0,0001740659984975356	0,5931799038121892	Lower
oda	1	0,00010325245224574084	3,053789447325186e-06	33,811254517294785	Higher
fieldad	1	0,00010325245224574084	7,329094673580446e-05	1,4088022715539494	Higher
hecho	1	0,00010325245224574084	0,00035118578644239635	0,29401090884604164	Lower
ado_a+ado_do	1	0,00010325245224574084	0,00011604399899835706	0,8897698557182838	Lower
caber	1	0,00010325245224574084	1,526894723662593e-05	6,762250903458957	Higher
fuego	1	0,00010325245224574084	0,0001923887351814867	0,5366865796395998	Lower
calentar	1	0,00010325245224574084	3,359168392057704e-05	3,0737504106631626	Higher
lleno	1	0,00010325245224574084	8,245231507778002e-05	1,2522686858257328	Higher
apremiar	1	0,00010325245224574084	5,802199949917853e-05	1,7795397114365676	Higher
tributo	1	0,00010325245224574084	3,053789447325186e-05	3,3811254517294786	Higher
beneficio	1	0,00010325245224574084	8,245231507778002e-05	1,2522686858257328	Higher
d	1	0,00010325245224574084	0,0012398385156140255	0,08327895201304134	Lower
perro	1	0,00010325245224574084	6,107578894650372e-06	16,905627258647392	Higher
manar	1	0,00010325245224574084	1,8322736683951114e-05	5,635209086215798	Higher
ano	1	0,00010325245224574084	3,053789447325186e-05	3,3811254517294786	Higher
ola_donde+ola_lo	1	0,00010325245224574084	6,107578894650372e-06	16,905627258647392	Higher
romano	1	0,00010325245224574084	0,00027178726081194155	0,3799017361493796	Lower
aníbal	1	0,00010325245224574084	3,664547336790223e-05	2,817604543107899	Higher
entrellos_entre+entrellos_ellos	1	0,00010325245224574084	2,1376526131276302e-05	4,830179216756398	Higher
bando	1	0,00010325245224574084	3,664547336790223e-05	2,817604543107899	Higher
nuestro	1	0,00010325245224574084	0,0004061539964942497	0,25421995877665254	Lower
⁊	1	0,00010325245224574084	0,035772089585967226	0,0028863970050618734	Lower
̾	1	0,00010325245224574084	0,00018017357739218595	0,5730721104626235	Lower
dentro	1	0,00010325245224574084	0,0002168190507600882	0,47621485235626454	Lower
cor	1	0,00010325245224574084	6,107578894650372e-06	16,905627258647392	Higher
flaco	1	0,00010325245224574084	0,00010382884120905632	0,994448662273376	Lower
aconsejar	1	0,00010325245224574084	0,0001923887351814867	0,5366865796395998	Lower
obligar	1	0,00010325245224574084	0,000131312946234983	0,7863082445882508	Lower
lujuria	1	0,00010325245224574084	0,0001923887351814867	0,5366865796395998	Lower
enas_en+enas_el	1	0,00010325245224574084	3,053789447325186e-06	33,811254517294785	Higher
gana	1	0,00010325245224574084	2,1376526131276302e-05	4,830179216756398	Higher
madera	1	0,00010325245224574084	7,634473618312965e-05	1,3524501806917915	Higher
egualmente	1	0,00010325245224574084	1,8322736683951114e-05	5,635209086215798	Higher
ál	1	0,00010325245224574084	5,4968210051853345e-05	1,878403028738599	Higher
resplandecer	1	0,00010325245224574084	2,7484105025926673e-05	3,756806057477198	Higher
hermoso	1	0,00010325245224574084	0,0001526894723662593	0,6762250903458957	Lower
vaso	1	0,00010325245224574084	5,191442060452816e-05	1,988897324546752	Higher
madero	1	0,00010325245224574084	2,7484105025926673e-05	3,756806057477198	Higher
cea	1	0,00010325245224574084	6,107578894650372e-06	16,905627258647392	Higher
pagar	1	0,00010325245224574084	0,0001465818934716089	0,7044011357769747	Lower
continencia	1	0,00010325245224574084	7,939852563045483e-05	1,3004328660497995	Higher
soberbia	1	0,00010325245224574084	0,00020765768241811264	0,497224331136688	Lower
itálico	1	0,00010325245224574084	6,107578894650372e-06	16,905627258647392	Higher
aladamente	1	0,00010325245224574084	5,802199949917853e-05	1,7795397114365676	Higher
genovés	1	0,00010325245224574084	3,053789447325186e-06	33,811254517294785	Higher
vestir	1	0,00010325245224574084	0,0002931637869432178	0,35220056788848736	Lower
sud	1	0,00010325245224574084	3,053789447325186e-06	33,811254517294785	Higher
pan	1	0,00010325245224574084	0,0001923887351814867	0,5366865796395998	Lower
peso	1	0,00010325245224574084	8,245231507778002e-05	1,2522686858257328	Higher
seda	1	0,00010325245224574084	1,526894723662593e-05	6,762250903458957	Higher
descubrimiento	1	0,00010325245224574084	6,107578894650372e-06	16,905627258647392	Higher
cuello	1	0,00010325245224574084	1,2215157789300744e-05	8,452813629323696	Higher
ensta	1	0,00010325245224574084	3,053789447325186e-06	33,811254517294785	Higher
honestidad	1	0,00010325245224574084	8,855989397243039e-05	1,1659053281825789	Higher
vestidura	1	0,00010325245224574084	0,0003023251552851934	0,34152782340701804	Lower
relucir	1	0,00010325245224574084	2,4430315578601487e-05	4,226406814661848	Higher
sucio	1	0,00010325245224574084	5,4968210051853345e-05	1,878403028738599	Higher
fallar+se	1	0,00010325245224574084	6,107578894650372e-06	16,905627258647392	Higher
blas	1	0,00010325245224574084	6,107578894650372e-06	16,905627258647392	Higher
apenas	1	0,00010325245224574084	2,1376526131276302e-05	4,830179216756398	Higher
destruimiento	1	0,00010325245224574084	1,2215157789300744e-05	8,452813629323696	Higher
felleas	1	0,00010325245224574084	4,580684170987779e-05	2,254083634486319	Higher
cib	1	0,00010325245224574084	3,053789447325186e-06	33,811254517294785	Higher
aristopo	1	0,00010325245224574084	9,161368341975557e-06	11,270418172431595	Higher
carta	1	0,00010325245224574084	3,359168392057704e-05	3,0737504106631626	Higher
corral	1	0,00010325245224574084	6,107578894650372e-06	16,905627258647392	Higher
ir+lo	1	0,00010325245224574084	1,2215157789300744e-05	8,452813629323696	Higher
menesteroso	1	0,00010325245224574084	1,2215157789300744e-05	8,452813629323696	Higher
atribular	1	0,00010325245224574084	3,053789447325186e-06	33,811254517294785	Higher
aborrecer	1	0,00010325245224574084	6,107578894650372e-05	1,6905627258647393	Higher
gentil	1	0,00010325245224574084	7,939852563045483e-05	1,3004328660497995	Higher
concordia	1	0,00010325245224574084	0,00012825915678765781	0,8050298694593996	Lower
n	1	0,00010325245224574084	3,664547336790223e-05	2,817604543107899	Higher
obediencia	1	0,00010325245224574084	0,00012825915678765781	0,8050298694593996	Lower
menospreciar	1	0,00010325245224574084	8,550610452510521e-05	1,2075448041890995	Higher
prelado	1	0,00010325245224574084	1,8322736683951114e-05	5,635209086215798	Higher
fuerza	1	0,00010325245224574084	5,4968210051853345e-05	1,878403028738599	Higher
grans	1	0,00010325245224574084	3,053789447325186e-06	33,811254517294785	Higher
asolar	1	0,00010325245224574084	1,2215157789300744e-05	8,452813629323696	Higher
fundamento	1	0,00010325245224574084	9,161368341975557e-06	11,270418172431595	Higher
puar	1	0,00010325245224574084	1,526894723662593e-05	6,762250903458957	Higher
naturaleza	1	0,00010325245224574084	3,664547336790223e-05	2,817604543107899	Higher
complexión	1	0,00010325245224574084	2,7484105025926673e-05	3,756806057477198	Higher
redonda	1	0,00010325245224574084	1,526894723662593e-05	6,762250903458957	Higher
haz	1	0,00010325245224574084	0,00018628115628683634	0,5542828609392588	Lower
lid	1	0,00010325245224574084	0,00018933494573416152	0,5453428147950772	Lower
provechoso	1	0,00010325245224574084	0,00022292662965473856	0,4631678700999286	Lower
arra	1	0,00010325245224574084	3,053789447325186e-06	33,811254517294785	Higher
ambición	1	0,00010325245224574084	5,191442060452816e-05	1,988897324546752	Higher
vicioso	1	0,00010325245224574084	3,359168392057704e-05	3,0737504106631626	Higher
bernardo	1	0,00010325245224574084	4,580684170987779e-05	2,254083634486319	Higher
eugenio	1	0,00010325245224574084	1,8322736683951114e-05	5,635209086215798	Higher
subir	1	0,00010325245224574084	0,00016185084070823486	0,6379481984395242	Lower
torpedad	1	0,00010325245224574084	4,8860631157202975e-05	2,113203407330924	Higher
puados	1	0,00010325245224574084	3,053789447325186e-06	33,811254517294785	Higher
edad	1	0,00010325245224574084	0,0003908850492576238	0,2641504259163655	Lower
qnto	1	0,00010325245224574084	9,161368341975557e-06	11,270418172431595	Higher
hierba	1	0,00010325245224574084	4,8860631157202975e-05	2,113203407330924	Higher
beda	1	0,00010325245224574084	3,053789447325186e-06	33,811254517294785	Higher
mesor	1	0,00010325245224574084	6,107578894650372e-06	16,905627258647392	Higher
oración	1	0,00010325245224574084	8,550610452510521e-05	1,2075448041890995	Higher
león	1	0,00010325245224574084	3,969926281522741e-05	2,600865732099599	Higher
camino	1	0,00010325245224574084	8,245231507778002e-05	1,2522686858257328	Higher
desordenar	1	0,00010325245224574084	9,772126231440595e-05	1,056601703665462	Higher
lot	1	0,00010325245224574084	1,526894723662593e-05	6,762250903458957	Higher
extremar	1	0,00010325245224574084	1,526894723662593e-05	6,762250903458957	Higher
llevar	1	0,00010325245224574084	8,245231507778002e-05	1,2522686858257328	Higher
qe	1	0,00010325245224574084	3,053789447325186e-06	33,811254517294785	Higher
fecha	1	0,00010325245224574084	4,2753052262552605e-05	2,415089608378199	Higher
tos	1	0,00010325245224574084	9,161368341975557e-06	11,270418172431595	Higher
ques_que+ques_se	1	0,00010325245224574084	9,161368341975557e-06	11,270418172431595	Higher
filo	1	0,00010325245224574084	2,7484105025926673e-05	3,756806057477198	Higher
orden	1	0,00010325245224574084	0,0002534645241279904	0,40736451225656367	Lower
honrado	1	0,00010325245224574084	0,000262625892469966	0,3931541222941254	Lower
igualar	1	0,00010325245224574084	9,161368341975558e-05	1,1270418172431595	Higher
pun	1	0,00010325245224574084	3,053789447325186e-06	33,811254517294785	Higher
conellos_con+conellos_ellos	1	0,00010325245224574084	1,8322736683951114e-05	5,635209086215798	Higher
cena	1	0,00010325245224574084	1,2215157789300744e-05	8,452813629323696	Higher
duro	1	0,00010325245224574084	0,0001068826306563815	0,9660358433512797	Lower
salomón	1	0,00010325245224574084	0,00011909778844568225	0,8669552440331996	Lower
echar	1	0,00010325245224574084	0,0003908850492576238	0,2641504259163655	Lower
rostro	1	0,00010325245224574084	3,969926281522741e-05	2,600865732099599	Higher
amansar	1	0,00010325245224574084	2,4430315578601487e-05	4,226406814661848	Higher
dorado	1	0,00010325245224574084	1,526894723662593e-05	6,762250903458957	Higher
reinado	1	0,00010325245224574084	7,329094673580446e-05	1,4088022715539494	Higher
cortar+le	1	0,00010325245224574084	1,2215157789300744e-05	8,452813629323696	Higher
serio	1	0,00010325245224574084	3,053789447325186e-06	33,811254517294785	Higher
gozar+te	1	0,00010325245224574084	6,107578894650372e-06	16,905627258647392	Higher
adorar	1	0,00010325245224574084	8,245231507778002e-05	1,2522686858257328	Higher
engendrar	1	0,00010325245224574084	0,0001068826306563815	0,9660358433512797	Lower
memoria	1	0,00010325245224574084	7,329094673580446e-05	1,4088022715539494	Higher
parir	1	0,00010325245224574084	6,412957839382891e-05	1,6100597389187992	Higher
lógico	1	0,00010325245224574084	3,053789447325186e-06	33,811254517294785	Higher
q	1	0,00010325245224574084	3,664547336790223e-05	2,817604543107899	Higher
enpador	1	0,00010325245224574084	3,053789447325186e-06	33,811254517294785	Higher
ladrón	1	0,00010325245224574084	0,00013436673568230817	0,7684376026657906	Lower
refrenar	1	0,00010325245224574084	0,00021987284020741338	0,4696007571846498	Lower
tras	1	0,00010325245224574084	1,526894723662593e-05	6,762250903458957	Higher
iones	1	0,00010325245224574084	1,8322736683951114e-05	5,635209086215798	Higher
digno	1	0,00010325245224574084	0,00019849631407613708	0,5201731464199197	Lower
humillar	1	0,00010325245224574084	3,359168392057704e-05	3,0737504106631626	Higher
ed	1	0,00010325245224574084	4,2753052262552605e-05	2,415089608378199	Higher
merecer	1	0,00010325245224574084	0,00010382884120905632	0,994448662273376	Lower
causa	1	0,00010325245224574084	7,329094673580446e-05	1,4088022715539494	Higher
holofernes	1	0,00010325245224574084	6,107578894650372e-06	16,905627258647392	Higher
esconder	1	0,00010325245224574084	6,718336784115409e-05	1,5368752053315813	Higher
ángel	1	0,00010325245224574084	0,00021071147186543782	0,49001818141006936	Lower
tomar+lo	1	0,00010325245224574084	4,580684170987779e-05	2,254083634486319	Higher
parar	1	0,00010325245224574084	5,191442060452816e-05	1,988897324546752	Higher
ben	1	0,00010325245224574084	3,053789447325186e-06	33,811254517294785	Higher
biens	1	0,00010325245224574084	3,053789447325186e-06	33,811254517294785	Higher
sol	1	0,00010325245224574084	0,00014963568291893412	0,6900256023937711	Lower
anc	1	0,00010325245224574084	1,8322736683951114e-05	5,635209086215798	Higher
policía	1	0,00010325245224574084	7,329094673580446e-05	1,4088022715539494	Higher
porque	1	0,00010325245224574084	0,0020613078769445006	0,050090747433029305	Lower
luengo	1	0,00010325245224574084	8,245231507778002e-05	1,2522686858257328	Higher
prueba	1	0,00010325245224574084	0,0002931637869432178	0,35220056788848736	Lower
doctor	1	0,00010325245224574084	0,0001954425246288119	0,528300851832731	Lower
criada	1	0,00010325245224574084	1,526894723662593e-05	6,762250903458957	Higher
guiar	1	0,00010325245224574084	0,00012215157789300743	0,8452813629323697	Lower
agos	1	0,00010325245224574084	3,053789447325186e-06	33,811254517294785	Higher
cobrar	1	0,00010325245224574084	1,526894723662593e-05	6,762250903458957	Higher
14	1	0,00010325245224574084	5,191442060452816e-05	1,988897324546752	Higher
paraíso	1	0,00010325245224574084	4,8860631157202975e-05	2,113203407330924	Higher
infierno	1	0,00010325245224574084	0,00010382884120905632	0,994448662273376	Lower
demostrar	1	0,00010325245224574084	0,0004733373643354038	0,21813712591803086	Lower
enteramente	1	0,00010325245224574084	1,526894723662593e-05	6,762250903458957	Higher
alcalde	1	0,00010325245224574084	0,0003053789447325186	0,33811254517294786	Lower
ira	1	0,00010325245224574084	0,0002168190507600882	0,47621485235626454	Lower
nir	1	0,00010325245224574084	3,053789447325186e-06	33,811254517294785	Higher
superfluo	1	0,00010325245224574084	1,526894723662593e-05	6,762250903458957	Higher
encubierto	1	0,00010325245224574084	1,526894723662593e-05	6,762250903458957	Higher
tas_te+tas_haber	1	0,00010325245224574084	3,053789447325186e-06	33,811254517294785	Higher
comprar	1	0,00010325245224574084	0,00016490463015556004	0,6261343429128664	Lower
vender	1	0,00010325245224574084	0,0003175941025218193	0,32510821651244987	Lower
hartar	1	0,00010325245224574084	7,329094673580446e-05	1,4088022715539494	Higher
matador	1	0,00010325245224574084	1,2215157789300744e-05	8,452813629323696	Higher
eno_en+eno_el	1	0,00010325245224574084	3,053789447325186e-06	33,811254517294785	Higher
perjuro	1	0,00010325245224574084	9,161368341975557e-06	11,270418172431595	Higher
dar+le	1	0,00010325245224574084	0,00018017357739218595	0,5730721104626235	Lower
12	1	0,00010325245224574084	4,8860631157202975e-05	2,113203407330924	Higher
macabeo	1	0,00010325245224574084	3,053789447325186e-05	3,3811254517294786	Higher
min	1	0,00010325245224574084	3,053789447325186e-06	33,811254517294785	Higher
entrar	1	0,00010325245224574084	0,0004031002070469245	0,25614586755526353	Lower
ron	1	0,00010325245224574084	9,161368341975557e-06	11,270418172431595	Higher
l	1	0,00010325245224574084	3,359168392057704e-05	3,0737504106631626	Higher
escogido	1	0,00010325245224574084	3,664547336790223e-05	2,817604543107899	Higher
fuerte	1	0,00010325245224574084	0,0005344131532819075	0,19320716867025592	Lower
enformar	1	0,00010325245224574084	6,107578894650372e-06	16,905627258647392	Higher
gracioso	1	0,00010325245224574084	4,580684170987779e-05	2,254083634486319	Higher
marido	1	0,00010325245224574084	0,000525251784939932	0,1965770611470627	Lower
deshonra	1	0,00010325245224574084	9,161368341975558e-05	1,1270418172431595	Higher
t	1	0,00010325245224574084	3,053789447325186e-06	33,811254517294785	Higher
enhiesto	1	0,00010325245224574084	3,053789447325186e-06	33,811254517294785	Higher
caualłia	1	0,00010325245224574084	3,053789447325186e-06	33,811254517294785	Higher
empós	1	0,00010325245224574084	7,023715728847928e-05	1,470054544230208	Higher
pren	1	0,00010325245224574084	9,161368341975557e-06	11,270418172431595	Higher
dido	1	0,00010325245224574084	3,053789447325186e-06	33,811254517294785	Higher
afincar	1	0,00010325245224574084	2,1376526131276302e-05	4,830179216756398	Higher
principar	1	0,00010325245224574084	6,107578894650372e-06	16,905627258647392	Higher
adon_a+adon_don	1	0,00010325245224574084	3,053789447325186e-06	33,811254517294785	Higher
aun	1	0,00010325245224574084	4,8860631157202975e-05	2,113203407330924	Higher
delicado	1	0,00010325245224574084	4,8860631157202975e-05	2,113203407330924	Higher
criar	1	0,00010325245224574084	0,0002595721030226408	0,39777946490935046	Lower
aldeano	1	0,00010325245224574084	1,8322736683951114e-05	5,635209086215798	Higher
disputar	1	0,00010325245224574084	3,969926281522741e-05	2,600865732099599	Higher
cuestión	1	0,00010325245224574084	0,0001526894723662593	0,6762250903458957	Lower
doblar	1	0,00010325245224574084	9,161368341975557e-06	11,270418172431595	Higher
privado	1	0,00010325245224574084	2,1376526131276302e-05	4,830179216756398	Higher
ensan	1	0,00010325245224574084	0,00010382884120905632	0,994448662273376	Lower
ase_a+ase_se	1	0,00010325245224574084	1,8322736683951114e-05	5,635209086215798	Higher
volver	1	0,00010325245224574084	3,969926281522741e-05	2,600865732099599	Higher
pen	1	0,00010325245224574084	6,107578894650372e-06	16,905627258647392	Higher
distinción	1	0,00010325245224574084	3,359168392057704e-05	3,0737504106631626	Higher
deshonesto	1	0,00010325245224574084	7,329094673580446e-05	1,4088022715539494	Higher
apartado	1	0,00010325245224574084	3,969926281522741e-05	2,600865732099599	Higher
rudo	1	0,00010325245224574084	9,161368341975557e-06	11,270418172431595	Higher
ver+me	1	0,00010325245224574084	3,053789447325186e-06	33,811254517294785	Higher
cortes	1	0,00010325245224574084	2,1376526131276302e-05	4,830179216756398	Higher
defensor	1	0,00010325245224574084	1,8322736683951114e-05	5,635209086215798	Higher
solamente	1	0,00010325245224574084	0,0004580684170987779	0,2254083634486319	Lower
cimiento	1	0,00010325245224574084	4,2753052262552605e-05	2,415089608378199	Higher
elección	1	0,00010325245224574084	0,00010382884120905632	0,994448662273376	Lower
pos	1	0,00010325245224574084	0,00012825915678765781	0,8050298694593996	Lower
liviano	1	0,00010325245224574084	4,2753052262552605e-05	2,415089608378199	Higher
pequeño	1	0,00010325245224574084	1,8322736683951114e-05	5,635209086215798	Higher
temporal	1	0,00010325245224574084	0,00024124936633868968	0,4279905635100606	Lower
falsamente	1	0,00010325245224574084	1,2215157789300744e-05	8,452813629323696	Higher
costren	1	0,00010325245224574084	4,2753052262552605e-05	2,415089608378199	Higher
r	1	0,00010325245224574084	3,053789447325186e-05	3,3811254517294786	Higher
sermón	1	0,00010325245224574084	2,1376526131276302e-05	4,830179216756398	Higher
constreñir	1	0,00010325245224574084	1,2215157789300744e-05	8,452813629323696	Higher
falsar	1	0,00010325245224574084	1,8322736683951114e-05	5,635209086215798	Higher
homicidio	1	0,00010325245224574084	1,526894723662593e-05	6,762250903458957	Higher
homicida	1	0,00010325245224574084	6,107578894650372e-06	16,905627258647392	Higher
noche	1	0,00010325245224574084	0,000131312946234983	0,7863082445882508	Lower
visión	1	0,00010325245224574084	1,526894723662593e-05	6,762250903458957	Higher
aducir	1	0,00010325245224574084	3,664547336790223e-05	2,817604543107899	Higher
cobdiciador	1	0,00010325245224574084	4,580684170987779e-05	2,254083634486319	Higher
fiel	1	0,00010325245224574084	0,0001954425246288119	0,528300851832731	Lower
persecución	1	0,00010325245224574084	3,053789447325186e-06	33,811254517294785	Higher
perseguir	1	0,00010325245224574084	2,4430315578601487e-05	4,226406814661848	Higher
preguntar+le	1	0,00010325245224574084	6,107578894650372e-06	16,905627258647392	Higher
cuento	1	0,00010325245224574084	6,107578894650372e-05	1,6905627258647393	Higher
holgura	1	0,00010325245224574084	1,2215157789300744e-05	8,452813629323696	Higher
ý	1	0,00010325245224574084	0,00011299020955103188	0,9138176896566158	Lower
mandador	1	0,00010325245224574084	6,107578894650372e-06	16,905627258647392	Higher
cierto	1	0,00010325245224574084	0,0005863275738864356	0,17610028394424368	Lower
varón	1	0,00010325245224574084	0,000213765261312763	0,48301792167563984	Lower
odre	1	0,00010325245224574084	3,053789447325186e-06	33,811254517294785	Higher
llenar	1	0,00010325245224574084	3,969926281522741e-05	2,600865732099599	Higher
viento	1	0,00010325245224574084	4,580684170987779e-05	2,254083634486319	Higher
vacío	1	0,00010325245224574084	2,1376526131276302e-05	4,830179216756398	Higher
re	1	0,00010325245224574084	6,412957839382891e-05	1,6100597389187992	Higher
espacio	1	0,00010325245224574084	9,161368341975557e-06	11,270418172431595	Higher
andanza	1	0,00010325245224574084	3,053789447325186e-06	33,811254517294785	Higher
dar+se	1	0,00010325245224574084	1,8322736683951114e-05	5,635209086215798	Higher
culdione	1	0,00010325245224574084	3,053789447325186e-06	33,811254517294785	Higher
qndo	1	0,00010325245224574084	3,053789447325186e-06	33,811254517294785	Higher
cercar	1	0,00010325245224574084	0,0001954425246288119	0,528300851832731	Lower
fuera	1	0,00010325245224574084	0,00028705620804856747	0,3596941969924977	Lower
cerca	1	0,00010325245224574084	0,0002504107346806652	0,4123323721621316	Lower
dulce	1	0,00010325245224574084	3,969926281522741e-05	2,600865732099599	Higher
esposo	1	0,00010325245224574084	3,053789447325186e-05	3,3811254517294786	Higher
posponer	1	0,00010325245224574084	1,2215157789300744e-05	8,452813629323696	Higher
sienpen	1	0,00010325245224574084	3,053789447325186e-06	33,811254517294785	Higher
suficiencia	1	0,00010325245224574084	9,161368341975557e-06	11,270418172431595	Higher
victoria	1	0,00010325245224574084	0,000131312946234983	0,7863082445882508	Lower
sojuzgar	1	0,00010325245224574084	9,466747286708076e-05	1,0906856295901544	Higher
asa	1	0,00010325245224574084	3,053789447325186e-06	33,811254517294785	Higher
mentir	1	0,00010325245224574084	3,969926281522741e-05	2,600865732099599	Higher
cubrir	1	0,00010325245224574084	8,245231507778002e-05	1,2522686858257328	Higher
retórica	1	0,00010325245224574084	0,00016490463015556004	0,6261343429128664	Lower
primeraes	1	0,00010325245224574084	2,7484105025926673e-05	3,756806057477198	Higher
lidiar	1	0,00010325245224574084	0,000476391153782729	0,2167388110082999	Lower
falso	1	0,00010325245224574084	0,00012825915678765781	0,8050298694593996	Lower
dado	1	0,00010325245224574084	3,053789447325186e-05	3,3811254517294786	Higher
envolver	1	0,00010325245224574084	2,1376526131276302e-05	4,830179216756398	Higher
trebejo	1	0,00010325245224574084	7,939852563045483e-05	1,3004328660497995	Higher
comne	1	0,00010325245224574084	2,7484105025926673e-05	3,756806057477198	Higher
arteria	1	0,00010325245224574084	3,359168392057704e-05	3,0737504106631626	Higher
ociosidad	1	0,00010325245224574084	2,1376526131276302e-05	4,830179216756398	Higher
trabajo	1	0,00010325245224574084	0,000262625892469966	0,3931541222941254	Lower
acaecer	1	0,00010325245224574084	0,000131312946234983	0,7863082445882508	Lower
castilla	1	0,00010325245224574084	9,161368341975557e-06	11,270418172431595	Higher
domar	1	0,00010325245224574084	3,359168392057704e-05	3,0737504106631626	Higher
pertenecer	1	0,00010325245224574084	0,00031148652362716895	0,3314828874244587	Lower
juno	1	0,00010325245224574084	9,161368341975557e-06	11,270418172431595	Higher
pío	1	0,00010325245224574084	3,053789447325186e-06	33,811254517294785	Higher
comparación	1	0,00010325245224574084	0,00019849631407613708	0,5201731464199197	Lower
crecer	1	0,00010325245224574084	9,772126231440595e-05	1,056601703665462	Higher
vicésimo	1	0,00010325245224574084	3,053789447325186e-06	33,811254517294785	Higher
atar	1	0,00010325245224574084	7,329094673580446e-05	1,4088022715539494	Higher
fiar	1	0,00010325245224574084	8,550610452510521e-05	1,2075448041890995	Higher
conciencia	1	0,00010325245224574084	6,107578894650372e-06	16,905627258647392	Higher
fama	1	0,00010325245224574084	8,855989397243039e-05	1,1659053281825789	Higher
loor	1	0,00010325245224574084	4,2753052262552605e-05	2,415089608378199	Higher
dinero	1	0,00010325245224574084	0,00039393883870494895	0,26210274819608365	Lower
huir	1	0,00010325245224574084	0,00033591683920577043	0,30737504106631625	Lower
grando	1	0,00010325245224574084	1,2215157789300744e-05	8,452813629323696	Higher
apartar+lo	1	0,00010325245224574084	3,053789447325186e-06	33,811254517294785	Higher
veneno	1	0,00010325245224574084	5,4968210051853345e-05	1,878403028738599	Higher
cuchillo	1	0,00010325245224574084	7,329094673580446e-05	1,4088022715539494	Higher
aty_a+aty_ti	1	0,00010325245224574084	6,107578894650372e-06	16,905627258647392	Higher
lanzar+lo	1	0,00010325245224574084	6,107578894650372e-06	16,905627258647392	Higher
lueñe	1	0,00010325245224574084	3,969926281522741e-05	2,600865732099599	Higher
pedir	1	0,00010325245224574084	9,161368341975557e-06	11,270418172431595	Higher
mor	1	0,00010325245224574084	9,161368341975557e-06	11,270418172431595	Higher
tato	1	0,00010325245224574084	3,053789447325186e-06	33,811254517294785	Higher
arrepentir	1	0,00010325245224574084	3,053789447325186e-06	33,811254517294785	Higher
boca	1	0,00010325245224574084	0,00015879705126090965	0,6502164330248997	Lower
antonio	1	0,00010325245224574084	2,1376526131276302e-05	4,830179216756398	Higher
enfermedad	1	0,00010325245224574084	0,0001252053673403326	0,8246647443242632	Lower
perecer	1	0,00010325245224574084	4,580684170987779e-05	2,254083634486319	Higher
inocencia	1	0,00010325245224574084	1,8322736683951114e-05	5,635209086215798	Higher
piedad	1	0,00010325245224574084	0,00017101220905021042	0,6037724020945497	Lower
sacramento	1	0,00010325245224574084	0,00011299020955103188	0,9138176896566158	Lower
vedar	1	0,00010325245224574084	0,0001526894723662593	0,6762250903458957	Lower
breno	1	0,00010325245224574084	3,053789447325186e-06	33,811254517294785	Higher
pompeyo	1	0,00010325245224574084	4,8860631157202975e-05	2,113203407330924	Higher
caballo	1	0,00010325245224574084	0,00014963568291893412	0,6900256023937711	Lower
cristiano	1	0,00010325245224574084	0,00028705620804856747	0,3596941969924977	Lower
olor	1	0,00010325245224574084	3,053789447325186e-05	3,3811254517294786	Higher
consigo	1	0,00010325245224574084	0,0001465818934716089	0,7044011357769747	Lower
vegecio	1	0,00010325245224574084	0,0001526894723662593	0,6762250903458957	Lower
des	1	0,00010325245224574084	3,969926281522741e-05	2,600865732099599	Higher
perdonar	1	0,00010325245224574084	0,00018017357739218595	0,5730721104626235	Lower
vileza	1	0,00010325245224574084	2,4430315578601487e-05	4,226406814661848	Higher
magnificencia	1	0,00010325245224574084	0,00012215157789300743	0,8452813629323697	Lower
ennoblecer	1	0,00010325245224574084	6,107578894650372e-06	16,905627258647392	Higher
mans	1	0,00010325245224574084	3,053789447325186e-06	33,811254517294785	Higher
trigo	1	0,00010325245224574084	2,1376526131276302e-05	4,830179216756398	Higher
dorar	1	0,00010325245224574084	2,1376526131276302e-05	4,830179216756398	Higher
pintar	1	0,00010325245224574084	3,969926281522741e-05	2,600865732099599	Higher
apostar	1	0,00010325245224574084	2,4430315578601487e-05	4,226406814661848	Higher
escudo	1	0,00010325245224574084	4,2753052262552605e-05	2,415089608378199	Higher
deshonrar	1	0,00010325245224574084	5,191442060452816e-05	1,988897324546752	Higher
tes	1	0,00010325245224574084	3,053789447325186e-06	33,811254517294785	Higher
talante	1	0,00010325245224574084	3,969926281522741e-05	2,600865732099599	Higher
pesado	1	0,00010325245224574084	1,8322736683951114e-05	5,635209086215798	Higher
medio	1	0,00010325245224574084	0,0001526894723662593	0,6762250903458957	Lower
z	1	0,00010325245224574084	6,107578894650372e-06	16,905627258647392	Higher
instrumento	1	0,00010325245224574084	0,00011604399899835706	0,8897698557182838	Lower
mayordomo	1	0,00010325245224574084	2,7484105025926673e-05	3,756806057477198	Higher
quedo	1	0,00010325245224574084	3,053789447325186e-05	3,3811254517294786	Higher
escasez	1	0,00010325245224574084	1,526894723662593e-05	6,762250903458957	Higher
tacha	1	0,00010325245224574084	1,2215157789300744e-05	8,452813629323696	Higher
comunalmente	1	0,00010325245224574084	8,245231507778002e-05	1,2522686858257328	Higher
amargar	1	0,00010325245224574084	3,053789447325186e-06	33,811254517294785	Higher
responder+le	1	0,00010325245224574084	4,8860631157202975e-05	2,113203407330924	Higher
ain	1	0,00010325245224574084	1,2215157789300744e-05	8,452813629323696	Higher
quebrar	1	0,00010325245224574084	2,1376526131276302e-05	4,830179216756398	Higher
vena	1	0,00010325245224574084	1,8322736683951114e-05	5,635209086215798	Higher
flaqueza	1	0,00010325245224574084	4,2753052262552605e-05	2,415089608378199	Higher
trajano	1	0,00010325245224574084	2,7484105025926673e-05	3,756806057477198	Higher
amparar	1	0,00010325245224574084	1,2215157789300744e-05	8,452813629323696	Higher
nerón	1	0,00010325245224574084	1,2215157789300744e-05	8,452813629323696	Higher
9	1	0,00010325245224574084	0,000131312946234983	0,7863082445882508	Lower
octaviano	1	0,00010325245224574084	1,526894723662593e-05	6,762250903458957	Higher
nacer	1	0,00010325245224574084	0,00023208799799671412	0,4448849278591419	Lower
filipo	1	0,00010325245224574084	7,023715728847928e-05	1,470054544230208	Higher
pertenence	1	0,00010325245224574084	3,053789447325186e-06	33,811254517294785	Higher
mur	1	0,00010325245224574084	3,053789447325186e-06	33,811254517294785	Higher
sobredicho	1	0,00010325245224574084	0,0007573397829366461	0,1363357036987693	Lower
descender	1	0,00010325245224574084	0,00011909778844568225	0,8669552440331996	Lower
fuyesen	1	0,00010325245224574084	3,053789447325186e-06	33,811254517294785	Higher
autoridad	1	0,00010325245224574084	0,0001526894723662593	0,6762250903458957	Lower
vejecio	1	0,00010325245224574084	6,107578894650372e-06	16,905627258647392	Higher
majestad	1	0,00010325245224574084	6,107578894650372e-05	1,6905627258647393	Higher
deber+le	1	0,00010325245224574084	5,191442060452816e-05	1,988897324546752	Higher
privilegio	1	0,00010325245224574084	2,7484105025926673e-05	3,756806057477198	Higher
pacer	1	0,00010325245224574084	3,053789447325186e-06	33,811254517294785	Higher
hacia	1	0,00010325245224574084	3,664547336790223e-05	2,817604543107899	Higher
mártir	1	0,00010325245224574084	2,1376526131276302e-05	4,830179216756398	Higher
ayuntar	1	0,00010325245224574084	0,0004153153648362253	0,248612165568344	Lower
haber+lo	1	0,00010325245224574084	9,161368341975557e-06	11,270418172431595	Higher
comienzo	1	0,00010325245224574084	2,1376526131276302e-05	4,830179216756398	Higher
despreciar	1	0,00010325245224574084	7,329094673580446e-05	1,4088022715539494	Higher
desollar	1	0,00010325245224574084	3,053789447325186e-06	33,811254517294785	Higher
silla	1	0,00010325245224574084	8,550610452510521e-05	1,2075448041890995	Higher
ave	1	0,00010325245224574084	9,466747286708076e-05	1,0906856295901544	Higher
conpan	1	0,00010325245224574084	0,0004886063115720297	0,21132034073309242	Lower
compañía	1	0,00010325245224574084	7,329094673580446e-05	1,4088022715539494	Higher
aprender	1	0,00010325245224574084	0,0003908850492576238	0,2641504259163655	Lower
alegar	1	0,00010325245224574084	1,8322736683951114e-05	5,635209086215798	Higher
abeja	1	0,00010325245224574084	1,526894723662593e-05	6,762250903458957	Higher
venganza	1	0,00010325245224574084	3,053789447325186e-06	33,811254517294785	Higher
endo_en+endo_donde	1	0,00010325245224574084	3,053789447325186e-06	33,811254517294785	Higher
dardo	1	0,00010325245224574084	5,4968210051853345e-05	1,878403028738599	Higher
dejar+le	1	0,00010325245224574084	1,526894723662593e-05	6,762250903458957	Higher
sanar	1	0,00010325245224574084	2,1376526131276302e-05	4,830179216756398	Higher
desarmar	1	0,00010325245224574084	1,2215157789300744e-05	8,452813629323696	Higher
complisionar	1	0,00010325245224574084	6,107578894650372e-06	16,905627258647392	Higher
convertir	1	0,00010325245224574084	5,802199949917853e-05	1,7795397114365676	Higher
ada	1	0,00010325245224574084	5,191442060452816e-05	1,988897324546752	Higher
religiosamente	1	0,00010325245224574084	1,8322736683951114e-05	5,635209086215798	Higher
perseverar	1	0,00010325245224574084	3,664547336790223e-05	2,817604543107899	Higher
mesa	1	0,00010325245224574084	4,8860631157202975e-05	2,113203407330924	Higher
men	1	0,00010325245224574084	3,053789447325186e-06	33,811254517294785	Higher
privar	1	0,00010325245224574084	2,7484105025926673e-05	3,756806057477198	Higher
presente	1	0,00010325245224574084	7,023715728847928e-05	1,470054544230208	Higher
51	1	0,00010325245224574084	0,00014352810402428373	0,7193883939849954	Lower
convenible	1	0,00010325245224574084	0,00035118578644239635	0,29401090884604164	Lower
máximo	1	0,00010325245224574084	2,7484105025926673e-05	3,756806057477198	Higher
acometer	1	0,00010325245224574084	0,0003206478919691445	0,32201194778375986	Lower
sentir	1	0,00010325245224574084	0,0001068826306563815	0,9660358433512797	Lower
alteza	1	0,00010325245224574084	2,1376526131276302e-05	4,830179216756398	Higher
levantar	1	0,00010325245224574084	0,00031148652362716895	0,3314828874244587	Lower
entendimiento	1	0,00010325245224574084	0,0003756161020209979	0,27488824810808765	Lower
cara	1	0,00010325245224574084	0,00016795841960288521	0,6147500821326325	Lower
estudio	1	0,00010325245224574084	8,245231507778002e-05	1,2522686858257328	Higher
sutileza	1	0,00010325245224574084	2,4430315578601487e-05	4,226406814661848	Higher
despreciar+se	1	0,00010325245224574084	3,053789447325186e-06	33,811254517294785	Higher
conocer	1	0,00010325245224574084	0,00018017357739218595	0,5730721104626235	Lower
aire	1	0,00010325245224574084	4,8860631157202975e-05	2,113203407330924	Higher
corintio	1	0,00010325245224574084	1,8322736683951114e-05	5,635209086215798	Higher
rahez	1	0,00010325245224574084	3,053789447325186e-06	33,811254517294785	Higher
fray	1	0,00010325245224574084	9,161368341975557e-06	11,270418172431595	Higher
zacarías	1	0,00010325245224574084	3,053789447325186e-06	33,811254517294785	Higher
ero	1	0,00010325245224574084	0,0003175941025218193	0,32510821651244987	Lower
verdaderamente	1	0,00010325245224574084	4,580684170987779e-05	2,254083634486319	Higher
confirmar	1	0,00010325245224574084	4,2753052262552605e-05	2,415089608378199	Higher
judgaria	1	0,00010325245224574084	6,107578894650372e-06	16,905627258647392	Higher
20	1	0,00010325245224574084	4,580684170987779e-05	2,254083634486319	Higher
propiedad	1	0,00010325245224574084	0,00022903420854938894	0,4508167268972638	Lower
adelantado	1	0,00010325245224574084	3,359168392057704e-05	3,0737504106631626	Higher
informar	1	0,00010325245224574084	0,00032980926031112007	0,3130671714564332	Lower
amonestar	1	0,00010325245224574084	0,0001954425246288119	0,528300851832731	Lower
razonar	1	0,00010325245224574084	5,4968210051853345e-05	1,878403028738599	Higher
aprovechar	1	0,00010325245224574084	0,000131312946234983	0,7863082445882508	Lower
acorrer	1	0,00010325245224574084	8,245231507778002e-05	1,2522686858257328	Higher
17	1	0,00010325245224574084	3,359168392057704e-05	3,0737504106631626	Higher
vecino	1	0,00010325245224574084	8,245231507778002e-05	1,2522686858257328	Higher
encender	1	0,00010325245224574084	6,107578894650372e-05	1,6905627258647393	Higher
omo	1	0,00010325245224574084	6,107578894650372e-06	16,905627258647392	Higher
deudo	1	0,00010325245224574084	2,1376526131276302e-05	4,830179216756398	Higher
puado	1	0,00010325245224574084	1,2215157789300744e-05	8,452813629323696	Higher
ciencia	1	0,00010325245224574084	0,000427530522625526	0,24150896083781992	Lower
providencia	1	0,00010325245224574084	3,664547336790223e-05	2,817604543107899	Higher
voz	1	0,00010325245224574084	0,00011909778844568225	0,8669552440331996	Lower
semejante	1	0,00010325245224574084	0,00011604399899835706	0,8897698557182838	Lower
